tier,n_samples,n_label0,n_label1,n_label2,mean_p_high,expected_cost
high,268,3,16,249,0.922116364822,4.776119402985074
low,787,181,565,41,0.03563598699132456,1.926302414231258
medium,123,11,47,65,0.4767637021381761,3.4959349593495936
