model,f1_macro_mean,f1_macro_std,n_folds,accuracy_mean,accuracy_std,auroc_macro_mean,auroc_macro_std,pr_auc_macro_mean,pr_auc_macro_std,generalization_gap_mean,generalization_gap_std
VotingEnsemble,0.7397376035394608,0.191750656532915,15,0.8180849262350484,0.151852574939653,0.930626970576619,0.08395299128207509,0.8667142764149994,0.14272384689462003,0.2602623964605391,0.191750656532915
