model,f1_macro_mean,f1_macro_std,n_folds,accuracy_mean,accuracy_std,auroc_macro_mean,auroc_macro_std,pr_auc_macro_mean,pr_auc_macro_std,generalization_gap_mean,generalization_gap_std
VotingEnsemble,0.731742292149301,0.19473058600805135,15,0.8122833218029013,0.164907683967674,0.9291373989571005,0.08790127699053357,0.8723614895925131,0.13595241668619645,0.2682577078506991,0.19473058600805132
