variant,n_features,f1_macro_mean,f1_macro_std
full_with_composites,67,0.9374505093615679,0.013763976678377046
no_SRI,66,0.9401412188961341,0.008585904272586512
no_RS,66,0.9412946116100246,0.009732413030715177
no_PL,66,0.941504112163625,0.007882005158058416
no_SRI_RS_PL,64,0.9380996869220481,0.011251674953835264
